business_id,categories
5UmKMjUEUNdYWqANhGckJw,Fast Food
5UmKMjUEUNdYWqANhGckJw,Restaurants
UsFtqoBl7naz8AVUBZMjQQ,Nightlife
3eu6MEFlq2Dg7bQh8QbdOg,Auto Repair
3eu6MEFlq2Dg7bQh8QbdOg,Automotive
cE27W9VPgO88Qxe4ol6y_g,Active Life
cE27W9VPgO88Qxe4ol6y_g,Mini Golf
cE27W9VPgO88Qxe4ol6y_g,Golf
HZdLhv6COCleJMo7nPl-RA,Shopping
HZdLhv6COCleJMo7nPl-RA,Home Services
HZdLhv6COCleJMo7nPl-RA,Internet Service Providers
HZdLhv6COCleJMo7nPl-RA,Mobile Phones
HZdLhv6COCleJMo7nPl-RA,Professional Services
HZdLhv6COCleJMo7nPl-RA,Electronics
mVHrayjG3uZ_RLHkLj-AMg,Bars
mVHrayjG3uZ_RLHkLj-AMg,American (New)
mVHrayjG3uZ_RLHkLj-AMg,Nightlife
mVHrayjG3uZ_RLHkLj-AMg,Lounges
mVHrayjG3uZ_RLHkLj-AMg,Restaurants
VHYT1qgQw5JvXAlUDhTArA,Active Life
VHYT1qgQw5JvXAlUDhTArA,Trainers
VHYT1qgQw5JvXAlUDhTArA,Fitness & Instruction
KayYbHCt-RkbGcPdGOThNg,Bars
KayYbHCt-RkbGcPdGOThNg,American (Traditional)
KayYbHCt-RkbGcPdGOThNg,Nightlife
KayYbHCt-RkbGcPdGOThNg,Restaurants
b12U9TFESStdy7CsTtcOeg,Auto Repair
b12U9TFESStdy7CsTtcOeg,Automotive
b12U9TFESStdy7CsTtcOeg,Tires
Sktj1eHQFuVa-M4bgnEh8g,Active Life
Sktj1eHQFuVa-M4bgnEh8g,Mini Golf
3ZVKmuK2l7uXPE6lXY4Dbg,Home Services
3ZVKmuK2l7uXPE6lXY4Dbg,Contractors
QoDa50dc7g62xciFygXB9w,Veterinarians
QoDa50dc7g62xciFygXB9w,Pets
1_lU0-eSWJCRvNGk78Zh9Q,Libraries
1_lU0-eSWJCRvNGk78Zh9Q,Public Services & Government
_qopVQ6_Mz6W7-Pmbi56GQ,Automotive
_qopVQ6_Mz6W7-Pmbi56GQ,Auto Parts & Supplies
wJr6kSA5dchdgOdwH6dZ2w,Burgers
wJr6kSA5dchdgOdwH6dZ2w,Breakfast & Brunch
wJr6kSA5dchdgOdwH6dZ2w,American (Traditional)
wJr6kSA5dchdgOdwH6dZ2w,Restaurants
yXuao0pFz1AxB21vJjDf5w,Food
yXuao0pFz1AxB21vJjDf5w,Grocery
F04xyOUA2xnUoCiWpx9iJA,Local Services
F04xyOUA2xnUoCiWpx9iJA,Dry Cleaning & Laundry
F04xyOUA2xnUoCiWpx9iJA,Sewing & Alterations
Cdcus0NADzyY3XiJM2O5Sg,Automotive
Cdcus0NADzyY3XiJM2O5Sg,Gas & Service Stations
fNGIbpazjTRdXgwRY_NIXA,Bars
fNGIbpazjTRdXgwRY_NIXA,American (Traditional)
fNGIbpazjTRdXgwRY_NIXA,Nightlife
fNGIbpazjTRdXgwRY_NIXA,Lounges
fNGIbpazjTRdXgwRY_NIXA,Restaurants
b9WZJp5L1RZr4F1nxclOoQ,Breakfast & Brunch
b9WZJp5L1RZr4F1nxclOoQ,Sandwiches
b9WZJp5L1RZr4F1nxclOoQ,Restaurants
zaXDakTd3RXyOa7sMrUE1g,Cafes
zaXDakTd3RXyOa7sMrUE1g,Restaurants
zgy27FSnvwdINfk5cXBIyQ,Hotels & Travel
zgy27FSnvwdINfk5cXBIyQ,Event Planning & Services
zgy27FSnvwdINfk5cXBIyQ,Hotels
WETE_LykpcnrC1sFcQ5EGg,Pubs
WETE_LykpcnrC1sFcQ5EGg,Irish
WETE_LykpcnrC1sFcQ5EGg,Nightlife
WETE_LykpcnrC1sFcQ5EGg,Bars
WETE_LykpcnrC1sFcQ5EGg,Restaurants
woOVJ0Z2f6XNCDntHA3b_g,Local Services
woOVJ0Z2f6XNCDntHA3b_g,Sewing & Alterations
YX_cdwb0A62hdQRBiZJgtQ,Automotive
YX_cdwb0A62hdQRBiZJgtQ,Body Shops
rv7CY8G_XibTx82YhuqQRw,Restaurants
e_U_FnpdKVgNb4mUN2cU_Q,Health & Medical
e_U_FnpdKVgNb4mUN2cU_Q,Dentists
e_U_FnpdKVgNb4mUN2cU_Q,General Dentistry
SQ0j7bgSTazkVQlF5AnqyQ,Chinese
SQ0j7bgSTazkVQlF5AnqyQ,Restaurants
L0YSY79uzz_FIInvKmvyIw,Health & Medical
L0YSY79uzz_FIInvKmvyIw,Dentists
L0YSY79uzz_FIInvKmvyIw,General Dentistry
wqu7ILomIOPSduRwoWp4AQ,American (Traditional)
wqu7ILomIOPSduRwoWp4AQ,Restaurants
1u2NauOy8xDj7aFQET680A,Active Life
1u2NauOy8xDj7aFQET680A,Gyms
1u2NauOy8xDj7aFQET680A,Trainers
1u2NauOy8xDj7aFQET680A,Fitness & Instruction
P1fJb2WQ1mXoiudj8UE44w,Restaurants
P1fJb2WQ1mXoiudj8UE44w,Italian
8QlnAcjGE6dgfKTVoxrPvQ,American (Traditional)
8QlnAcjGE6dgfKTVoxrPvQ,Comfort Food
8QlnAcjGE6dgfKTVoxrPvQ,Caterers
8QlnAcjGE6dgfKTVoxrPvQ,Event Planning & Services
8QlnAcjGE6dgfKTVoxrPvQ,Restaurants
t_gan0EXAw8csKIeFyazJw,Italian
t_gan0EXAw8csKIeFyazJw,Pizza
t_gan0EXAw8csKIeFyazJw,Restaurants
3gmBc0qN_LtGbZAjTtHWZg,Food
3gmBc0qN_LtGbZAjTtHWZg,Coffee & Tea
sZ4uYs99km644ZMR1TO76A,Pubs
sZ4uYs99km644ZMR1TO76A,Bars
sZ4uYs99km644ZMR1TO76A,Nightlife
yHTLTr-QN-loO_7XoxS8qg,Arts & Crafts
yHTLTr-QN-loO_7XoxS8qg,Shopping
yHTLTr-QN-loO_7XoxS8qg,Knitting Supplies
yHTLTr-QN-loO_7XoxS8qg,Hobby Shops
iQLLIdmJSt6LQHSjpZERLA,Gift Shops
iQLLIdmJSt6LQHSjpZERLA,Flowers & Gifts
iQLLIdmJSt6LQHSjpZERLA,Shopping
iQLLIdmJSt6LQHSjpZERLA,Home Decor
iQLLIdmJSt6LQHSjpZERLA,Home & Garden
6ilJq_05xRgek_8qUp36-g,Burgers
6ilJq_05xRgek_8qUp36-g,Fast Food
6ilJq_05xRgek_8qUp36-g,Restaurants
57HN9fGRar_GckBmgHgemA,Department Stores
57HN9fGRar_GckBmgHgemA,Fashion
57HN9fGRar_GckBmgHgemA,Shopping
MKyk4F4HSzHF8v-4cYe3Ww,Bars
MKyk4F4HSzHF8v-4cYe3Ww,Nightlife
0hrB2iwQZ52VZcZWYywXrA,Automotive
0hrB2iwQZ52VZcZWYywXrA,Body Shops
gClSqcwuLsgyZRCzhJc7Dg,Shopping
gClSqcwuLsgyZRCzhJc7Dg,Home Services
gClSqcwuLsgyZRCzhJc7Dg,Building Supplies
gClSqcwuLsgyZRCzhJc7Dg,Home & Garden
gClSqcwuLsgyZRCzhJc7Dg,Hardware Stores
gClSqcwuLsgyZRCzhJc7Dg,Nurseries & Gardening
1qCuOcks5HRv67OHovAVpg,Pubs
1qCuOcks5HRv67OHovAVpg,Bars
1qCuOcks5HRv67OHovAVpg,American (New)
1qCuOcks5HRv67OHovAVpg,Nightlife
1qCuOcks5HRv67OHovAVpg,Restaurants
sbW8qHJgzEIH42B0S-3New,Arts & Entertainment
sbW8qHJgzEIH42B0S-3New,American (Traditional)
sbW8qHJgzEIH42B0S-3New,Bars
sbW8qHJgzEIH42B0S-3New,Pubs
sbW8qHJgzEIH42B0S-3New,Arcades
sbW8qHJgzEIH42B0S-3New,Nightlife
sbW8qHJgzEIH42B0S-3New,Restaurants
CgGT6sr4OCF2BHYngOIqlw,Pet Services
CgGT6sr4OCF2BHYngOIqlw,Pet Boarding/Pet Sitting
CgGT6sr4OCF2BHYngOIqlw,Pets
W7ysp8GLCBrs0GXIVwAcBQ,Burgers
W7ysp8GLCBrs0GXIVwAcBQ,Fast Food
W7ysp8GLCBrs0GXIVwAcBQ,Restaurants
-taSf0shFSUKy9iCXnySsA,Pizza
-taSf0shFSUKy9iCXnySsA,Restaurants
McikHxxEqZ2X0joaRNKlaw,Food
McikHxxEqZ2X0joaRNKlaw,American (Traditional)
McikHxxEqZ2X0joaRNKlaw,Breweries
McikHxxEqZ2X0joaRNKlaw,Restaurants
frIRW4BGhdAWbSsG5ev2ng,Auto Repair
frIRW4BGhdAWbSsG5ev2ng,Automotive
tv8cS4aaA1VDaInYgggb6g,Nightlife
tv8cS4aaA1VDaInYgggb6g,Comedy Clubs
eT5Ck7Gg1dBJobca9VFovw,Food
eT5Ck7Gg1dBJobca9VFovw,Grocery
HwwEfnZKLNOUoqfgcwAgcQ,"Books, Mags, Music & Video"
HwwEfnZKLNOUoqfgcwAgcQ,Shopping
HwwEfnZKLNOUoqfgcwAgcQ,Bookstores
EoAY1JSVeJriBzId8lUQwQ,Bars
EoAY1JSVeJriBzId8lUQwQ,American (New)
EoAY1JSVeJriBzId8lUQwQ,Nightlife
EoAY1JSVeJriBzId8lUQwQ,Restaurants
uI0LvTXFACid1308KFO5ew,Active Life
uI0LvTXFACid1308KFO5ew,Swimming Pools
Y4CcDDyMoDpK7BbpKawWjw,Mattresses
Y4CcDDyMoDpK7BbpKawWjw,Shopping
Y4CcDDyMoDpK7BbpKawWjw,Home & Garden
RxKrw38oyeYszQ6guY5b1A,Hotels & Travel
RxKrw38oyeYszQ6guY5b1A,Airport Shuttles
RxKrw38oyeYszQ6guY5b1A,Limos
RxKrw38oyeYszQ6guY5b1A,Transportation
TfvWSIAMFZ9zI3y2-K6wOA,Chinese
TfvWSIAMFZ9zI3y2-K6wOA,Restaurants
tU-YtoW339PXJmUGSix_AQ,Bars
tU-YtoW339PXJmUGSix_AQ,American (Traditional)
tU-YtoW339PXJmUGSix_AQ,Nightlife
tU-YtoW339PXJmUGSix_AQ,Restaurants
6p9TlP2I8S4agxYMNFSDjg,American (Traditional)
6p9TlP2I8S4agxYMNFSDjg,Pizza
6p9TlP2I8S4agxYMNFSDjg,Gluten-Free
6p9TlP2I8S4agxYMNFSDjg,Restaurants
Eu3Iwje0YY8ectr-CxMgqg,Shopping
Eu3Iwje0YY8ectr-CxMgqg,Cosmetics & Beauty Supply
Eu3Iwje0YY8ectr-CxMgqg,Beauty & Spas
XhbC5Qj5nBcqcKLPRd8izQ,Lingerie
XhbC5Qj5nBcqcKLPRd8izQ,Shopping
XhbC5Qj5nBcqcKLPRd8izQ,Fashion
FituZ4jYzRe41ac9uvcHaQ,Women's Clothing
FituZ4jYzRe41ac9uvcHaQ,Fashion
FituZ4jYzRe41ac9uvcHaQ,Shopping
FituZ4jYzRe41ac9uvcHaQ,Shoe Stores
JDDeaNfb0JXD1NbznSIC9g,Gluten-Free
JDDeaNfb0JXD1NbznSIC9g,Asian Fusion
JDDeaNfb0JXD1NbznSIC9g,Chinese
JDDeaNfb0JXD1NbznSIC9g,Restaurants
oPX8bpZ3dqviYQuic0Ahqw,Fashion
oPX8bpZ3dqviYQuic0Ahqw,Shopping
oPX8bpZ3dqviYQuic0Ahqw,Shoe Stores
FiXamVMgMf9U0VqFHDZSEA,Soup
FiXamVMgMf9U0VqFHDZSEA,Sandwiches
FiXamVMgMf9U0VqFHDZSEA,Salad
FiXamVMgMf9U0VqFHDZSEA,Restaurants
LG_Dgv7u7P2ASDWU1RAyWQ,Veterinarians
LG_Dgv7u7P2ASDWU1RAyWQ,Pets
ISKLP0qxApATxRlUDob6Cg,Department Stores
ISKLP0qxApATxRlUDob6Cg,Fashion
ISKLP0qxApATxRlUDob6Cg,Shopping
DMy5IG-dNrH4ARk96KngEA,Men's Clothing
DMy5IG-dNrH4ARk96KngEA,Fashion
DMy5IG-dNrH4ARk96KngEA,Shopping
DMy5IG-dNrH4ARk96KngEA,Formal Wear
uLnDFdn011hEroQQMLmxNQ,Pizza
uLnDFdn011hEroQQMLmxNQ,Restaurants
rdATJvFQK4C73NIQ3zoY3w,Fashion
rdATJvFQK4C73NIQ3zoY3w,Shopping
rdATJvFQK4C73NIQ3zoY3w,Shoe Stores
g10zmpUzmMJOOIjj_JJPvg,Department Stores
g10zmpUzmMJOOIjj_JJPvg,Fashion
g10zmpUzmMJOOIjj_JJPvg,Shopping
eznh0XjVtv924K-KYx_ilQ,American (Traditional)
eznh0XjVtv924K-KYx_ilQ,Diners
eznh0XjVtv924K-KYx_ilQ,Restaurants
LQFWH1AKJlXGmEBlIKsBCw,Department Stores
LQFWH1AKJlXGmEBlIKsBCw,Fashion
LQFWH1AKJlXGmEBlIKsBCw,Shopping
LO2CjrNL8DXkvm9uALgRjQ,Discount Store
LO2CjrNL8DXkvm9uALgRjQ,Shopping
usSROUMiAgPcxV3Ym0OxMQ,Seafood
usSROUMiAgPcxV3Ym0OxMQ,Restaurants
qfL7ZFkxqDZOPIaVVfT3Aw,Women's Clothing
qfL7ZFkxqDZOPIaVVfT3Aw,Men's Clothing
qfL7ZFkxqDZOPIaVVfT3Aw,Fashion
qfL7ZFkxqDZOPIaVVfT3Aw,Shopping
qfL7ZFkxqDZOPIaVVfT3Aw,Children's Clothing
GlYPVYSOVT7zn00Kk_Oz4g,Sporting Goods
GlYPVYSOVT7zn00Kk_Oz4g,Fashion
GlYPVYSOVT7zn00Kk_Oz4g,Shopping
GlYPVYSOVT7zn00Kk_Oz4g,Sports Wear
WaHXyBwljbKNPmmJZn5j8Q,Food
WaHXyBwljbKNPmmJZn5j8Q,Grocery
bCw9HKDFLU_PppnNg-nIlw,Food
bCw9HKDFLU_PppnNg-nIlw,Grocery
CL3tZqbYT7B5zgewKCS6-Q,Burgers
CL3tZqbYT7B5zgewKCS6-Q,Fast Food
CL3tZqbYT7B5zgewKCS6-Q,Restaurants
u22QDAON1kk0wjoTliyftw,Pizza
u22QDAON1kk0wjoTliyftw,Restaurants
4ykgzzzGEWjMD5lwk1-l9A,Sporting Goods
4ykgzzzGEWjMD5lwk1-l9A,Bikes
4ykgzzzGEWjMD5lwk1-l9A,Shopping
53Yk2EODWnV9qHQECzeHVQ,Pizza
53Yk2EODWnV9qHQECzeHVQ,Restaurants
iBZRphMDFcS2aMbawc1OvA,Chinese
iBZRphMDFcS2aMbawc1OvA,Restaurants
hnHt6EinzC-IX6y3GSF7jw,Bakeries
hnHt6EinzC-IX6y3GSF7jw,Food
hnHt6EinzC-IX6y3GSF7jw,Desserts
LiMXTPwanF3LkkKHklFCjw,Event Planning & Services
LiMXTPwanF3LkkKHklFCjw,Caterers
GJAv1nAfnHuab8oRyr8mXg,American (Traditional)
GJAv1nAfnHuab8oRyr8mXg,Restaurants
r8BwdblCW-ZUES37BL0khw,Burgers
r8BwdblCW-ZUES37BL0khw,Breakfast & Brunch
r8BwdblCW-ZUES37BL0khw,Diners
r8BwdblCW-ZUES37BL0khw,Restaurants
mIiHJkpK8nZvW_45LlhrbA,Pizza
mIiHJkpK8nZvW_45LlhrbA,Restaurants
bN3jIkPqbqroQJteJsC2uw,Tattoo
bN3jIkPqbqroQJteJsC2uw,Piercing
bN3jIkPqbqroQJteJsC2uw,Beauty & Spas
OZfpG8tDCcIEq8pzgZdyKw,Bars
OZfpG8tDCcIEq8pzgZdyKw,American (Traditional)
OZfpG8tDCcIEq8pzgZdyKw,Burgers
OZfpG8tDCcIEq8pzgZdyKw,Nightlife
OZfpG8tDCcIEq8pzgZdyKw,Sports Bars
OZfpG8tDCcIEq8pzgZdyKw,Restaurants
OSYHPhvDWMqBRDZblqGiZA,Food
OSYHPhvDWMqBRDZblqGiZA,Grocery
8Nm_jcCYtMXYW0ODSHDiXA,Japanese
8Nm_jcCYtMXYW0ODSHDiXA,Restaurants
9tAbTDdYTASHL7EU1e-OWw,Food
9tAbTDdYTASHL7EU1e-OWw,Specialty Food
9tAbTDdYTASHL7EU1e-OWw,Meat Shops
imM-x_nAxVtYGVFJJ4FS3Q,Flowers & Gifts
imM-x_nAxVtYGVFJJ4FS3Q,Shopping
imM-x_nAxVtYGVFJJ4FS3Q,Florists
T49ZvBa6mD4xHSmjHe-ArA,Pizza
T49ZvBa6mD4xHSmjHe-ArA,Restaurants
TpLtXNrNK0FcmSLtNN7rpQ,Oil Change Stations
TpLtXNrNK0FcmSLtNN7rpQ,Automotive
eOv0Dbq2E8sd0CKMAqTImw,Pizza
eOv0Dbq2E8sd0CKMAqTImw,Restaurants
