business_id,neighborhoods
KayYbHCt-RkbGcPdGOThNg,Greentree
Sktj1eHQFuVa-M4bgnEh8g,Carnegie
3ZVKmuK2l7uXPE6lXY4Dbg,Carnegie
1_lU0-eSWJCRvNGk78Zh9Q,Carnegie
zaXDakTd3RXyOa7sMrUE1g,Carnegie
zgy27FSnvwdINfk5cXBIyQ,Carnegie
WETE_LykpcnrC1sFcQ5EGg,Carnegie
6o3RK6rTcN3nw-j-r2nQmA,Carnegie
woOVJ0Z2f6XNCDntHA3b_g,Carnegie
YX_cdwb0A62hdQRBiZJgtQ,East Carnegie
SQ0j7bgSTazkVQlF5AnqyQ,Carnegie
L0YSY79uzz_FIInvKmvyIw,Carnegie
P1fJb2WQ1mXoiudj8UE44w,Carnegie
8QlnAcjGE6dgfKTVoxrPvQ,Etna
t_gan0EXAw8csKIeFyazJw,Homestead
3gmBc0qN_LtGbZAjTtHWZg,Homestead
yHTLTr-QN-loO_7XoxS8qg,Homestead
iQLLIdmJSt6LQHSjpZERLA,Homestead
6ilJq_05xRgek_8qUp36-g,Homestead
57HN9fGRar_GckBmgHgemA,Homestead
MKyk4F4HSzHF8v-4cYe3Ww,Homestead
0hrB2iwQZ52VZcZWYywXrA,Homestead
gClSqcwuLsgyZRCzhJc7Dg,Homestead
1qCuOcks5HRv67OHovAVpg,Homestead
sbW8qHJgzEIH42B0S-3New,Homestead
W7ysp8GLCBrs0GXIVwAcBQ,Homestead
McikHxxEqZ2X0joaRNKlaw,Homestead
frIRW4BGhdAWbSsG5ev2ng,Homestead
tv8cS4aaA1VDaInYgggb6g,Homestead
eT5Ck7Gg1dBJobca9VFovw,Homestead
HwwEfnZKLNOUoqfgcwAgcQ,Homestead
EoAY1JSVeJriBzId8lUQwQ,Homestead
uI0LvTXFACid1308KFO5ew,Hays
Y4CcDDyMoDpK7BbpKawWjw,Homestead
RxKrw38oyeYszQ6guY5b1A,Homestead
tU-YtoW339PXJmUGSix_AQ,Homestead
6p9TlP2I8S4agxYMNFSDjg,Homestead
Eu3Iwje0YY8ectr-CxMgqg,Homestead
XhbC5Qj5nBcqcKLPRd8izQ,Homestead
FituZ4jYzRe41ac9uvcHaQ,Homestead
JDDeaNfb0JXD1NbznSIC9g,Homestead
oPX8bpZ3dqviYQuic0Ahqw,Homestead
FiXamVMgMf9U0VqFHDZSEA,Homestead
LG_Dgv7u7P2ASDWU1RAyWQ,Homestead
ISKLP0qxApATxRlUDob6Cg,Homestead
DMy5IG-dNrH4ARk96KngEA,Homestead
rdATJvFQK4C73NIQ3zoY3w,Homestead
g10zmpUzmMJOOIjj_JJPvg,Homestead
eznh0XjVtv924K-KYx_ilQ,Homestead
LQFWH1AKJlXGmEBlIKsBCw,Homestead
LO2CjrNL8DXkvm9uALgRjQ,Homestead
usSROUMiAgPcxV3Ym0OxMQ,Homestead
qfL7ZFkxqDZOPIaVVfT3Aw,Homestead
GlYPVYSOVT7zn00Kk_Oz4g,Homestead
imM-x_nAxVtYGVFJJ4FS3Q,South Side
T49ZvBa6mD4xHSmjHe-ArA,Bellevue
TpLtXNrNK0FcmSLtNN7rpQ,Bellevue
eOv0Dbq2E8sd0CKMAqTImw,Bellevue
